search_term,category,brand,model,tier,gender
Chanel Maxi,Bag,Chanel,Maxi / Large Flap Bag (Blazy SS26),Ultra-luxury,W
Chanel Classic,Bag,Chanel,Classic / Small Flap Bag,Ultra-luxury,W
Chanel Large Tote,Bag,Chanel,Large Tote (Blazy era),Ultra-luxury,W
Dior Bow Bag,Bag,Dior,Bow Bag,Ultra-luxury,W
Dior Cigale,Bag,Dior,Cigale,Ultra-luxury,W
Dior Lady Dior,Bag,Dior,Lady Dior,Ultra-luxury,W
Dior Saddle Bag,Bag,Dior,Saddle Bag,Ultra-luxury,W
Hermes Birkin 25,Bag,Hermes,Birkin 25 / Sellier Birkin,Ultra-luxury,W
Hermes Kelly Mini II,Bag,Hermes,Kelly Mini II,Ultra-luxury,W
Hermes Constance,Bag,Hermes,Constance,Ultra-luxury,W
Hermes Kelly Cut Pochette,Bag,Hermes,Kelly Cut Pochette,Ultra-luxury,W
The Row Peggy Clutch,Bag,The Row,Peggy Clutch,Ultra-luxury,W
The Row Margaux,Bag,The Row,Margaux (discontinued),Ultra-luxury,W
The Row Marlo Tote,Bag,The Row,Marlo Tote,Ultra-luxury,W
Miu Miu Arcadie,Bag,Miu Miu,Arcadie,Luxury,W
Miu Miu Wander,Bag,Miu Miu,Wander (matelasse),Luxury,W
Prada Bonnie,Bag,Prada,Bonnie,Luxury,W
Prada Triangle Pouch,Bag,Prada,Triangle Pouch / small pouches,Luxury,W
Prada Re-Edition Nylon,Bag,Prada,Re-Edition Nylon,Luxury,W
Bottega Veneta Andiamo,Bag,Bottega Veneta,Andiamo (+ Andiamo Clutch),Ultra-luxury,W
Bottega Veneta Cassette,Bag,Bottega Veneta,Cassette / Jodie,Luxury,W
Balenciaga Le City,Bag,Balenciaga,Le City,Luxury,W
Chloe Paddington,Bag,Chloe,Paddington,Luxury,W
Gucci Indy,Bag,Gucci,Indy (vintage revival),Luxury,W
Gucci Jackie 1961,Bag,Gucci,Jackie 1961,Luxury,W
Fendi Baguette 1997,Bag,Fendi,Baguette 1997,Luxury,W
Fendi Peekaboo,Bag,Fendi,Peekaboo (woven / raffia),Luxury,W
Loewe Amazona 180,Bag,Loewe,Amazona 180,Luxury,W
Loewe Puzzle,Bag,Loewe,Puzzle,Luxury,W
Saint Laurent Mombasa,Bag,Saint Laurent,Mombasa,Luxury,W
Saint Laurent Cassandra Chain Wallet,Bag,Saint Laurent,Cassandra Chain Wallet,Luxury,W
Louis Vuitton Neverfull MM,Bag,Louis Vuitton,Neverfull MM,Luxury,W
Louis Vuitton Speedy B,Bag,Louis Vuitton,Speedy B (Out of the Trunk),Luxury,W
Louis Vuitton Pochette Accessoires,Bag,Louis Vuitton,Pochette Accessoires,Luxury,W
Louis Vuitton x Murakami Multicolore,Bag,Louis Vuitton,x Murakami Multicolore (reissue),Luxury,W
Louis Vuitton Noe Trunk,Bag,Louis Vuitton,Noe Trunk / Squire,Luxury,W
Coach Tabby 26 Shoulder Bag,Bag,Coach,Tabby 26 Shoulder Bag,Accessible luxury,W
Coach Kisslock Barrel Bag,Bag,Coach,Kisslock Barrel Bag,Accessible luxury,W
Coach Brooklyn,Bag,Coach,Brooklyn / Empire Carryall,Accessible luxury,W
Goyard St Louis Tote,Bag,Goyard,St Louis Tote,Ultra-luxury,W
Manu Atelier Cambon Cabas,Bag,Manu Atelier,Cambon Cabas,Contemporary,W
Balenciaga Hourglass Top Handle,Bag,Balenciaga,Hourglass Top Handle,Luxury,W
Chanel Two-Tone Pumps,Shoes,Chanel,"Two-Tone Pumps (SS26, Blazy)",Ultra-luxury,W
Chanel Two-Tone Slingbacks,Shoes,Chanel,Two-Tone Slingbacks / Ballet Flats,Ultra-luxury,W
Celine Ballet Lace-Up Shoes,Shoes,Celine,Ballet Lace-Up Shoes,Luxury,W
Alaia Mesh,Shoes,Alaia,Mesh / Fishnet Ballet Flats,Luxury,W
Alaia Studded,Shoes,Alaia,Studded / Crystal Mary Janes,Luxury,W
Alaia Wedge Mule,Shoes,Alaia,Wedge Mule,Luxury,W
The Row Canal Loafer,Shoes,The Row,Canal Loafer,Ultra-luxury,W
The Row Eel-Print Loafers,Shoes,The Row,Eel-Print Loafers,Ultra-luxury,W
Loro Piana Summer Walk Loafer,Shoes,Loro Piana,Summer Walk Loafer,Ultra-luxury,W
Loewe Origami Pump,Shoes,Loewe,Origami Pump,Luxury,W
Khaite Bella Slingback,Shoes,Khaite,Bella Slingback,Contemporary luxury,W
Miu Miu Miu Ballet,Shoes,Miu Miu,Miu Ballet / Ballet Flats,Luxury,W
adidas Samba Jane,Shoes,adidas,Samba Jane,Sneaker,W
adidas BadBo 1.0 x Bad Bunny 'Resilience',Shoes,adidas,BadBo 1.0 x Bad Bunny 'Resilience',Sneaker,W
adidas Taekwondo,Shoes,adidas,Taekwondo / Speedcat-style slim silhouettes,Sneaker,W
New Balance 204L,Shoes,New Balance,204L,Sneaker,W
Nike Total 90 3,Shoes,Nike,Total 90 3,Sneaker,W
Nike Air Rift,Shoes,Nike,Air Rift (+ SKIMS collab 2026),Sneaker,W
Nike / Jordan Jordan 5 Retro 'Wolf Grey',Shoes,Nike / Jordan,Jordan 5 Retro 'Wolf Grey',Sneaker,W
Nike Mind 001 Recovery Slide,Shoes,Nike,Mind 001 Recovery Slide,Sneaker,W
Onitsuka Tiger TGRS,Shoes,Onitsuka Tiger,TGRS,Sneaker,W
Puma Speedcat,Shoes,Puma,Speedcat / Speedcat Ballet,Sneaker,W
Balenciaga x Puma Sneakerina collab,Shoes,Balenciaga x Puma,Sneakerina collab,Luxury sneaker,W
Village PM 1PM Sneakers,Shoes,Village PM,1PM Sneakers,Contemporary,W
Chloe Jelly Mules,Shoes,Chloe,Jelly Mules / Doll Heels,Luxury,W
Various Thick-strap flip-flops,Shoes,Various,"Thick-strap flip-flops (Staud, Rag & Bone Gracie)",Contemporary,W
Isabel Marant Bekett Wedge Sneaker,Shoes,Isabel Marant,Bekett Wedge Sneaker,Luxury,W
Paraboot Michael,Shoes,Paraboot,Michael,Contemporary,W
Dries Van Noten Leather Ballerina Sneaker,Shoes,Dries Van Noten,Leather Ballerina Sneaker,Luxury,W
Larroude Loulou Raffia Mule,Shoes,Larroude,Loulou Raffia Mule,Contemporary,W
Steve Madden Tracie Jelly,Shoes,Steve Madden,Tracie Jelly / Mino / Playing wedge,Mass market,W
Louis Vuitton Christopher Backpack,Bag,Louis Vuitton,Christopher Backpack,Luxury,M
Louis Vuitton Keepall 45,Bag,Louis Vuitton,Keepall 45 Bandouliere,Luxury,M
Goyard Cardholder,Accessory,Goyard,Saint Sulpice Cardholder,Ultra-luxury,M
Prada Re-Nylon Crossbody,Bag,Prada,Re-Nylon Crossbody,Luxury,M
Bottega Veneta Cassette Crossbody,Bag,Bottega Veneta,Cassette Crossbody,Luxury,M
Dior Saddle Mens Pouch,Bag,Dior,Saddle Bag (mens),Ultra-luxury,M
Loro Piana Summer Walk Mens,Shoes,Loro Piana,Summer Walk Loafer (mens),Ultra-luxury,M
Gucci Horsebit Loafer,Shoes,Gucci,Horsebit 1953 Loafer,Luxury,M
Prada Monolith Loafer,Shoes,Prada,Monolith Brushed Loafer,Luxury,M
The Row Dean Loafer,Shoes,The Row,Dean Loafer,Ultra-luxury,M
Common Projects Achilles,Shoes,Common Projects,Achilles Low,Contemporary,M
Maison Margiela Replica Sneaker,Shoes,Maison Margiela,Replica Sneaker,Luxury,M
Adidas Samba OG Mens,Shoes,adidas,Samba OG,Sneaker,M
New Balance 1906R,Shoes,New Balance,1906R,Sneaker,M
Salomon XT-6,Shoes,Salomon,XT-6,Sneaker,M
Nike Air Max 95,Shoes,Nike,Air Max 95,Sneaker,M
Jordan 4 Retro Mens,Shoes,Nike / Jordan,Jordan 4 Retro,Sneaker,M
Hermes Clic H Bracelet Mens,Accessory,Hermes,Clic H Bracelet,Ultra-luxury,M
Cartier Santos Watch,Accessory,Cartier,Santos de Cartier,Ultra-luxury,M
Rolex Submariner,Accessory,Rolex,Submariner,Ultra-luxury,M
Omega Speedmaster,Accessory,Omega,Speedmaster,Luxury,M
Gucci GG Belt Mens,Accessory,Gucci,GG Marmont Belt,Luxury,M
Ferragamo Gancini Belt,Accessory,Ferragamo,Gancini Reversible Belt,Luxury,M
Ray-Ban Meta Wayfarer,Accessory,Ray-Ban,Meta Wayfarer,Contemporary,M
Loewe Puzzle Mens,Bag,Loewe,Puzzle (mens),Luxury,M
